user_id,source_id,referred_at,campaign_code
478,8,2024-07-30T23:27:05Z,TAJD-2024-2023
72667,2,2025-03-07T19:30:47Z,GCTS-2025-2023
45437,10,2024-02-24T19:51:42Z,WNOM-2025-2023
78657,2,2023-08-13T17:55:54Z,IVIX-2025-2023
51402,6,2024-04-22T20:38:42Z,JXSK-2025-2023
8062,4,2024-08-14T06:31:12Z,YBOL-2025-2023
75612,4,2024-04-25T03:17:03Z,NKYJ-2025-2023
86560,7,2024-07-01T20:09:12Z,ONCI-2025-2023
60626,3,2023-11-26T16:42:09Z,PLNE-2025-2023
80915,10,2023-08-08T21:07:53Z,JDGU-2025-2023
2821,10,2024-06-04T01:33:20Z,GDOS-2025-2023
95062,4,2025-01-17T09:12:51Z,WPAG-2025-2023
76181,4,2023-09-01T09:31:16Z,FGOK-2025-2023
75954,8,2024-07-10T07:40:47Z,CCNY-2025-2023
21498,2,2024-12-18T11:25:03Z,WYWJ-2025-2023
52952,4,2023-09-01T21:25:50Z,MQQN-2025-2023
4318,10,2024-08-06T02:53:26Z,AHFS-2025-2023
37708,10,2024-06-02T10:42:24Z,ZBOV-2025-2023
59446,4,2023-10-03T14:24:59Z,IFAQ-2025-2023
42422,4,2024-03-23T04:33:50Z,DIJY-2025-2023
78681,4,2025-01-16T04:15:45Z,WEPD-2025-2023
4739,9,2025-01-17T18:22:58Z,UPZB-2025-2023
11093,5,2024-11-03T09:17:45Z,EPKC-2025-2023
77176,2,2023-09-11T08:04:49Z,RXYY-2025-2023
82477,6,2023-11-19T08:41:52Z,TKHR-2025-2023
72553,1,2024-05-08T19:27:23Z,CEBC-2025-2023
19624,10,2023-08-06T12:25:16Z,YUGB-2025-2023
28990,10,2025-03-06T15:46:11Z,RCPS-2025-2023
40763,10,2024-06-26T10:43:35Z,KCVQ-2025-2023
24592,2,2024-02-16T11:52:21Z,SBIX-2025-2023
35879,6,2023-11-25T14:52:49Z,EXAC-2025-2023
66390,4,2024-12-02T08:23:09Z,JDUI-2025-2023
30289,4,2024-07-10T16:32:02Z,VMDQ-2025-2023
41511,3,2025-06-01T00:26:27Z,OAJN-2025-2023
81724,3,2024-06-14T07:45:55Z,CSBU-2025-2023
17353,2,2024-02-06T07:34:54Z,BUFR-2025-2023
73115,4,2023-09-23T02:44:40Z,SKET-2025-2023
47263,9,2024-11-11T01:23:01Z,EIBJ-2025-2023
68761,9,2024-04-20T02:31:14Z,VHSU-2025-2023
16617,4,2023-08-16T00:57:10Z,GMFO-2025-2023
86554,4,2024-04-18T18:37:49Z,ZHVW-2025-2023
85744,1,2025-02-25T08:34:51Z,CEER-2025-2023
39850,2,2023-06-18T15:34:38Z,ZGSO-2025-2023
65418,2,2023-07-26T09:09:15Z,VNYF-2025-2023
50726,2,2024-10-16T04:37:23Z,MFYR-2025-2023
52641,3,2025-01-11T19:25:47Z,WXZZ-2025-2023
45804,2,2023-10-14T09:24:30Z,BJGX-2025-2023
99927,5,2024-02-17T23:23:30Z,RGDZ-2025-2023
24819,5,2024-11-02T07:52:28Z,SIZC-2025-2023
40474,5,2023-07-16T11:23:14Z,ASYM-2025-2023
50431,8,2024-09-26T05:29:48Z,LUEW-2025-2023
45231,4,2023-12-11T05:32:03Z,PDGI-2025-2023
67888,4,2023-08-29T08:27:23Z,GEEJ-2025-2023
95742,6,2024-08-24T00:57:09Z,AABO-2025-2023
22601,2,2024-03-26T05:12:19Z,OIJD-2025-2023
25216,4,2024-07-27T19:36:59Z,QKQX-2025-2023
18901,4,2024-05-07T10:32:26Z,UXFI-2025-2023
96762,10,2024-09-23T13:21:45Z,GEMA-2025-2023
57386,2,2025-03-01T03:15:54Z,HKMB-2025-2023
27674,3,2023-06-20T18:47:46Z,NCEL-2025-2023
67770,4,2024-09-28T00:02:27Z,APEK-2025-2023
84835,9,2025-03-17T10:06:35Z,MUUZ-2025-2023
25714,6,2023-08-22T15:46:57Z,LRAZ-2025-2023
51980,9,2025-04-21T04:51:30Z,TPNS-2025-2023
81134,2,2023-07-02T18:03:47Z,IHHK-2025-2023
2783,3,2024-10-17T16:34:10Z,WBOK-2025-2023
26981,5,2024-11-25T15:57:36Z,EPRR-2025-2023
88544,4,2024-10-01T04:58:20Z,ACJO-2025-2023
53277,4,2024-12-28T07:57:41Z,IWZQ-2025-2023
89692,8,2025-05-28T08:37:50Z,HIJW-2025-2023
2476,10,2024-06-26T15:09:51Z,CFZS-2025-2023
94552,3,2024-07-27T05:26:48Z,TQXX-2025-2023
71997,6,2023-06-18T11:30:33Z,LLCZ-2025-2023
69672,2,2023-09-06T01:03:32Z,GXTV-2025-2023
60423,10,2023-12-30T11:48:01Z,QIBP-2025-2023
85567,10,2024-04-20T22:24:46Z,OZUH-2025-2023
92988,4,2023-10-24T13:13:50Z,DBTQ-2025-2023
61993,4,2023-06-15T18:57:32Z,CHYE-2025-2023
58845,8,2023-10-10T23:51:24Z,GVAM-2025-2023
35085,4,2024-11-14T11:27:05Z,WNWT-2025-2023
87938,6,2023-11-04T15:57:55Z,QMKJ-2025-2023
36159,7,2024-07-13T02:41:53Z,ZREY-2025-2023
89735,5,2025-05-06T16:13:27Z,LVOE-2025-2023
75820,2,2025-03-25T09:38:24Z,LFRL-2025-2023
90045,4,2023-10-05T14:03:32Z,SYSJ-2025-2023
56233,4,2025-05-24T07:03:52Z,UZMF-2025-2023
64061,4,2023-09-12T21:28:03Z,JKRN-2025-2023
83820,8,2025-05-03T16:53:14Z,PXWD-2025-2023
190,2,2023-12-30T14:23:16Z,IYHW-2025-2023
86231,3,2025-01-23T03:46:24Z,RXWM-2025-2023
31655,3,2024-08-26T04:10:54Z,XWUA-2025-2023
17434,5,2025-03-17T15:29:49Z,RDLZ-2025-2023
25035,1,2023-08-12T08:46:53Z,XRYR-2025-2023
84411,10,2023-07-22T18:21:29Z,KNPO-2025-2023
36126,3,2023-07-05T18:14:49Z,GAIK-2025-2023
24273,8,2025-03-06T14:16:30Z,SNTC-2025-2023
86031,9,2024-08-19T03:11:12Z,EORD-2025-2023
2399,2,2024-02-16T06:54:31Z,ZNDR-2025-2023
61325,10,2024-05-22T16:36:29Z,OLIG-2025-2023
33355,7,2023-12-26T13:01:04Z,ZPYK-2025-2023
45686,4,2025-01-09T01:23:59Z,YDNI-2025-2023
36153,2,2025-03-17T09:18:42Z,QIZU-2025-2023
23168,1,2025-03-20T09:18:55Z,YQKM-2025-2023
77231,6,2025-03-07T19:16:39Z,VEAY-2025-2023
78797,2,2024-04-27T20:35:31Z,QBUX-2025-2023
29903,2,2024-10-30T11:24:38Z,TVGW-2025-2023
57313,4,2024-05-11T18:25:02Z,JOOL-2025-2023
21250,10,2023-10-30T03:22:27Z,RZYJ-2025-2023
97013,8,2024-02-24T21:22:14Z,CLOP-2025-2023
17955,3,2024-07-06T00:44:55Z,MTDZ-2025-2023
79268,4,2025-01-29T15:37:30Z,ACAG-2025-2023
7380,10,2025-02-06T03:02:51Z,KPHP-2025-2023
72111,6,2023-07-14T06:51:13Z,ANJR-2025-2023
19985,5,2024-02-15T04:17:35Z,OTWS-2025-2023
47848,2,2023-06-23T23:26:58Z,UTQS-2025-2023
461,9,2023-12-24T20:26:28Z,XPRM-2025-2023
92796,9,2024-02-04T15:39:57Z,MPLD-2025-2023
77522,4,2024-02-20T06:35:44Z,DOFJ-2025-2023
24258,2,2024-01-04T16:40:31Z,MZAN-2025-2023
52478,1,2025-04-10T19:53:44Z,KYGY-2025-2023
37030,3,2025-01-28T15:15:30Z,CTXI-2025-2023
9855,4,2025-02-16T15:11:28Z,XSLA-2025-2023
83239,1,2023-06-30T08:29:06Z,EASH-2025-2023
69829,9,2024-03-18T05:30:24Z,CSAK-2025-2023
45528,3,2024-01-07T21:08:29Z,BADJ-2025-2023
80311,10,2023-09-04T19:45:44Z,MKPX-2025-2023
38304,4,2024-04-23T13:45:40Z,JGTF-2025-2023
87652,3,2023-06-08T18:13:53Z,QVPA-2025-2023
3924,3,2024-05-28T03:00:22Z,JWGZ-2025-2023
85676,2,2025-02-15T22:08:18Z,INDG-2025-2023
38548,10,2023-12-17T01:17:17Z,NOQN-2025-2023
37869,5,2024-07-05T00:05:08Z,QZIW-2025-2023
17368,4,2025-04-05T19:07:51Z,NGOL-2025-2023
48764,4,2025-02-06T03:06:21Z,ZKWQ-2025-2023
12605,2,2023-12-02T12:30:29Z,OKUP-2025-2023
86334,7,2024-12-23T19:55:31Z,HYUY-2025-2023
50714,9,2025-03-08T07:30:31Z,DHKL-2025-2023
4764,1,2024-12-20T01:36:26Z,SXAT-2025-2023
22629,1,2025-06-07T03:33:14Z,JGND-2025-2023
49969,9,2023-10-04T03:05:33Z,CZAR-2025-2023
82284,3,2025-04-17T06:13:39Z,VFPH-2025-2023
46184,4,2024-05-18T15:02:17Z,ZOVD-2025-2023
90249,3,2024-05-19T15:29:38Z,UEXA-2025-2023
23124,2,2023-07-17T15:51:30Z,NVNO-2025-2023
47313,9,2024-04-10T12:52:05Z,HZJK-2025-2023
43328,2,2024-10-07T06:26:53Z,RSWG-2025-2023
25286,5,2024-06-18T17:21:40Z,DPGX-2025-2023
30214,4,2025-06-01T07:05:13Z,OBNK-2025-2023
95567,1,2024-03-01T09:01:44Z,FTIF-2025-2023
96930,4,2023-07-14T15:40:21Z,RWLX-2025-2023
229,2,2024-11-20T21:51:09Z,KVSV-2025-2023
65641,2,2024-01-30T00:07:11Z,HSIN-2025-2023
21326,4,2023-11-05T15:25:11Z,EBBM-2025-2023
19584,3,2024-01-10T13:08:03Z,WODS-2025-2023
32820,2,2025-02-21T09:13:32Z,DURC-2025-2023
16251,2,2024-09-30T18:51:29Z,ZXCN-2025-2023
14160,1,2024-12-03T01:26:55Z,IWUB-2025-2023
93386,7,2023-11-07T15:37:07Z,UIFP-2025-2023
32922,4,2025-01-20T09:05:17Z,CANK-2025-2023
54435,9,2023-11-27T11:08:30Z,QBHB-2025-2023
36042,4,2023-07-01T17:08:53Z,YVBF-2025-2023
42952,8,2024-11-12T01:31:33Z,QZPW-2025-2023
65366,3,2024-08-08T16:51:37Z,RXVW-2025-2023
88951,3,2024-10-17T10:08:07Z,NVKE-2025-2023
37067,9,2024-12-21T23:12:34Z,SODE-2025-2023
81858,1,2024-08-16T07:17:57Z,OLSB-2025-2023
52941,7,2024-06-10T19:43:36Z,LKFF-2025-2023
92679,4,2024-04-09T17:37:31Z,GRRB-2025-2023
46748,3,2025-02-02T11:11:42Z,AMDC-2025-2023
92772,8,2024-02-04T02:19:37Z,ZZRI-2025-2023
58133,4,2023-10-05T00:04:21Z,GFUS-2025-2023
27505,4,2025-01-13T09:41:05Z,REUB-2025-2023
88806,3,2023-07-31T12:10:57Z,VVWT-2025-2023
23466,3,2024-10-07T16:51:16Z,NKXD-2025-2023
8215,8,2025-02-22T09:30:32Z,PFLH-2025-2023
5232,10,2023-06-29T22:02:51Z,VJNZ-2025-2023
85559,9,2024-10-08T04:44:11Z,GGJR-2025-2023
48752,8,2023-10-03T09:24:27Z,GPTJ-2025-2023
11125,3,2023-10-26T00:57:48Z,OVAT-2025-2023
18700,4,2024-08-22T17:46:47Z,DHPC-2025-2023
86442,4,2023-07-21T04:19:47Z,DGII-2025-2023
914,3,2024-05-21T22:46:23Z,EWEC-2025-2023
50775,3,2025-03-12T13:31:52Z,DEIL-2025-2023
8535,10,2024-05-02T03:02:58Z,LIAU-2025-2023
86100,10,2025-03-31T11:07:52Z,TTUM-2025-2023
78352,9,2023-08-02T11:11:04Z,VIIJ-2025-2023
49185,1,2024-12-21T18:24:29Z,HNND-2025-2023
15197,3,2025-01-19T10:53:07Z,ILBL-2025-2023
82967,10,2024-08-24T22:36:02Z,OTCJ-2025-2023
88086,4,2024-04-16T06:10:37Z,RFTG-2025-2023
53542,8,2025-03-10T05:02:32Z,FOJV-2025-2023
75295,4,2024-11-14T23:12:33Z,DKJX-2025-2023
36195,9,2023-08-04T21:59:22Z,VVTK-2025-2023
84596,4,2023-09-03T00:17:50Z,NIXS-2025-2023
15495,4,2025-05-28T22:10:50Z,NOVB-2025-2023
86003,9,2024-08-10T12:12:42Z,ACBH-2025-2023
61687,6,2025-04-12T22:35:20Z,PCBU-2025-2023
8291,2,2025-03-01T22:28:59Z,XWRO-2025-2023
3324,8,2023-07-02T13:48:20Z,VMVK-2025-2023
15343,1,2025-03-16T10:55:17Z,ZIZC-2025-2023
38098,4,2024-04-24T20:46:56Z,WCQM-2025-2023
38920,4,2023-06-20T04:28:47Z,KKTK-2025-2023
32371,8,2025-02-12T11:39:50Z,FFBU-2025-2023
14778,2,2023-12-19T02:05:18Z,XBIV-2025-2023
12569,4,2025-01-06T03:50:52Z,WOBX-2025-2023
8539,3,2024-06-28T15:03:04Z,MXWE-2025-2023
24255,8,2024-09-10T20:54:40Z,WUOY-2025-2023
67310,9,2025-02-03T12:47:32Z,JROR-2025-2023
96300,10,2024-04-23T17:56:52Z,XUUN-2025-2023
2620,4,2024-10-14T02:19:39Z,JPJZ-2025-2023
98626,4,2024-02-26T05:58:26Z,IVGG-2025-2023
79372,4,2024-12-15T04:29:19Z,SOCR-2025-2023
79378,8,2025-05-12T16:19:43Z,VWIA-2025-2023
18501,9,2024-01-20T01:51:26Z,KJCB-2025-2023
12460,2,2023-08-09T05:38:39Z,SHNX-2025-2023
88117,9,2025-04-15T17:16:00Z,TAMM-2025-2023
77710,10,2025-01-15T06:50:26Z,DPRF-2025-2023
75924,6,2025-02-04T02:16:06Z,EQNE-2025-2023
96067,4,2023-10-03T21:53:02Z,LKTX-2025-2023
8092,4,2024-06-06T11:50:09Z,JOOJ-2025-2023
6342,4,2023-10-16T08:27:32Z,LDRB-2025-2023
960,4,2023-11-01T21:42:07Z,GFCP-2025-2023
73391,8,2024-12-05T03:39:44Z,PHJH-2025-2023
84923,4,2024-08-15T00:43:49Z,OOXE-2025-2023
50741,1,2023-08-09T16:04:49Z,JUFE-2025-2023
61211,3,2023-11-01T15:52:37Z,AMYV-2025-2023
44792,4,2024-01-17T19:37:55Z,ZLMK-2025-2023
19079,2,2025-04-10T03:39:58Z,UXBR-2025-2023
88107,4,2024-12-27T15:28:44Z,YANU-2025-2023
12335,8,2025-05-07T04:23:50Z,HOBX-2025-2023
99103,4,2024-04-03T04:56:18Z,RDWL-2025-2023
80129,4,2025-03-27T17:27:38Z,KAXU-2025-2023
1043,4,2023-06-23T11:23:17Z,OCLE-2025-2023
4834,8,2024-03-09T22:51:58Z,CPQT-2025-2023
99104,3,2023-08-15T07:28:22Z,PWDO-2025-2023
66773,2,2024-09-17T03:35:26Z,XNWH-2025-2023
42026,4,2024-07-11T09:48:12Z,DLXZ-2025-2023
35795,4,2023-12-24T02:57:39Z,UXZS-2025-2023
29233,4,2025-05-21T10:52:33Z,EZSG-2025-2023
17871,4,2024-08-22T16:44:54Z,SBYN-2025-2023
89074,4,2023-07-03T06:06:55Z,WDTS-2025-2023
40157,10,2023-12-21T08:58:12Z,BUMR-2025-2023
37316,7,2023-08-06T20:21:43Z,NFYR-2025-2023
88173,9,2024-07-06T13:09:37Z,SSTD-2025-2023
13357,8,2024-03-30T00:04:15Z,BPUZ-2025-2023
84243,9,2024-12-18T00:15:47Z,FBVT-2025-2023
86020,7,2023-10-24T03:03:01Z,ZHFE-2025-2023
31482,4,2023-12-28T10:46:54Z,AGTH-2025-2023
86428,4,2025-04-20T13:03:01Z,TUXE-2025-2023
31340,6,2023-08-29T03:32:45Z,RNVP-2025-2023
23144,9,2025-04-01T06:35:41Z,EOMF-2025-2023
20712,4,2023-06-25T23:11:17Z,LBLK-2025-2023
43087,8,2023-07-20T13:09:05Z,ELFM-2025-2023
29141,8,2024-10-30T05:02:24Z,WWMZ-2025-2023
82746,4,2024-01-08T02:37:33Z,JCPF-2025-2023
74983,2,2024-11-21T22:48:16Z,SNAU-2025-2023
54233,10,2023-07-07T04:11:53Z,OZWU-2025-2023
96799,4,2023-07-26T03:05:43Z,BWYZ-2025-2023
21639,4,2024-09-25T03:27:30Z,QQQW-2025-2023
18457,4,2024-09-30T01:58:19Z,YYEC-2025-2023
28476,3,2024-06-21T02:29:34Z,INVM-2025-2023
99750,9,2025-01-01T04:42:45Z,QKLV-2025-2023
58233,4,2024-01-16T23:28:15Z,JOZE-2025-2023
47329,4,2024-12-24T05:50:12Z,USVX-2025-2023
8871,4,2024-01-29T08:52:59Z,CGXT-2025-2023
41825,4,2024-05-24T10:34:06Z,FDOM-2025-2023
50058,7,2024-10-11T18:23:53Z,JDWJ-2025-2023
12384,4,2025-01-26T09:26:06Z,ZAXF-2025-2023
84337,3,2024-04-02T00:38:16Z,OYHO-2025-2023
99976,8,2023-12-01T16:05:38Z,QELJ-2025-2023
14625,10,2024-03-08T03:30:46Z,UUAO-2025-2023
63233,6,2025-05-15T18:49:38Z,WZSE-2025-2023
33981,4,2023-09-21T06:49:18Z,ALWX-2025-2023
71627,2,2024-09-08T16:58:52Z,JXSI-2025-2023
30903,4,2024-12-25T04:45:28Z,OMGA-2025-2023
85556,2,2025-04-15T12:01:14Z,ZAQG-2025-2023
91339,8,2024-12-18T17:51:40Z,ZRGW-2025-2023
69200,4,2023-09-04T06:31:37Z,DPRE-2025-2023
14386,4,2024-01-31T17:41:48Z,KKMV-2025-2023
17976,8,2025-01-08T03:23:32Z,QGNC-2025-2023
96394,2,2025-04-12T12:53:19Z,KZVF-2025-2023
22525,2,2024-06-23T20:07:03Z,RWIL-2025-2023
49991,4,2025-02-21T03:22:26Z,XTCZ-2025-2023
44079,2,2023-08-30T23:37:01Z,QVII-2025-2023
34502,9,2024-04-26T12:00:57Z,EIWI-2025-2023
16630,10,2024-04-13T03:28:42Z,RTFK-2025-2023
96483,4,2024-02-25T07:41:10Z,HJQC-2025-2023
1021,9,2024-05-31T06:58:47Z,AYWJ-2025-2023
57945,2,2024-01-28T23:51:41Z,WDTC-2025-2023
22872,3,2025-04-03T05:13:33Z,LCUT-2025-2023
28142,4,2024-10-12T08:27:04Z,UBTB-2025-2023
31529,4,2024-08-28T20:53:22Z,PSHK-2025-2023
49302,2,2023-08-22T12:13:08Z,HWEX-2025-2023
76280,9,2024-05-16T03:10:01Z,TMAL-2025-2023
61047,10,2025-02-27T09:30:18Z,RAZL-2025-2023
45237,4,2023-09-10T17:53:49Z,GLJP-2025-2023
57722,2,2023-06-12T06:01:59Z,BRHT-2025-2023
98433,4,2024-03-05T22:47:23Z,ZGNP-2025-2023
24812,2,2025-04-02T01:56:33Z,XYXM-2025-2023
52654,3,2023-07-21T13:42:16Z,UYGR-2025-2023
97359,9,2024-06-09T02:16:06Z,GVYZ-2025-2023
284,8,2024-03-02T13:07:34Z,PUCR-2025-2023
35566,8,2023-12-14T17:43:48Z,JLDZ-2025-2023
27393,2,2025-06-01T19:29:22Z,ADQM-2025-2023
53951,2,2024-10-21T19:29:42Z,CZIZ-2025-2023
76778,2,2024-09-25T06:11:16Z,JDVG-2025-2023
66214,3,2023-10-14T18:27:47Z,ENZT-2025-2023
48284,4,2025-01-14T17:28:51Z,YMPT-2025-2023
19164,4,2024-08-01T18:50:03Z,GGKN-2025-2023
2760,4,2023-10-28T04:30:22Z,IHWQ-2025-2023
32828,3,2025-01-09T13:32:39Z,IPEE-2025-2023
49858,4,2024-02-07T07:11:07Z,DLCI-2025-2023
34669,10,2023-07-25T09:00:45Z,NFJN-2025-2023
42527,9,2024-11-12T05:00:12Z,QHTF-2025-2023
11176,10,2023-06-22T11:49:02Z,LBZH-2025-2023
87882,4,2023-12-02T17:01:45Z,FGNS-2025-2023
91953,4,2025-04-11T04:43:48Z,OTMM-2025-2023
58232,8,2024-07-26T01:22:32Z,PPBH-2025-2023
2163,9,2023-09-21T14:52:59Z,IVNB-2025-2023
83420,9,2025-05-04T06:23:15Z,QZYS-2025-2023
44138,2,2024-07-11T11:10:52Z,EUZN-2025-2023
66470,6,2024-01-12T16:24:54Z,ZXYS-2025-2023
50168,3,2024-06-15T04:44:18Z,AKWK-2025-2023
96443,8,2025-04-02T03:09:41Z,MIKX-2025-2023
84503,2,2023-06-21T19:33:25Z,OQWD-2025-2023
48228,6,2025-01-05T08:11:18Z,PVLR-2025-2023
44383,3,2025-02-09T23:59:55Z,CXOQ-2025-2023
73552,3,2024-03-03T13:32:50Z,QZMU-2025-2023
1841,2,2024-10-05T04:31:52Z,ZEJU-2025-2023
75775,9,2023-09-27T04:01:34Z,ZUIC-2025-2023
37265,3,2024-05-20T15:28:35Z,XBGM-2025-2023
64388,2,2024-04-13T19:57:34Z,HQYE-2025-2023
6890,8,2024-02-29T04:10:58Z,NOFU-2025-2023
22532,4,2024-02-11T21:34:19Z,MCUD-2025-2023
86308,3,2024-07-23T05:26:58Z,KKVK-2025-2023
67040,4,2024-08-01T03:39:31Z,ESPQ-2025-2023
53337,6,2023-10-12T18:45:44Z,IHPZ-2025-2023
48409,10,2025-02-14T08:43:16Z,XBJB-2025-2023
75711,4,2024-11-09T19:16:43Z,XGIB-2025-2023
81492,3,2023-09-30T11:22:44Z,ZUBF-2025-2023
87,8,2024-02-21T17:58:35Z,VREF-2025-2023
69723,9,2025-04-29T20:12:31Z,OIBP-2025-2023
47774,10,2024-12-19T18:27:52Z,OETI-2025-2023
20477,9,2025-03-29T01:28:58Z,UHFA-2025-2023
65972,8,2024-08-09T11:50:03Z,IVNU-2025-2023
13760,4,2025-04-03T21:37:08Z,WNYB-2025-2023
81233,9,2025-05-17T11:11:37Z,PCLP-2025-2023
42175,3,2024-06-19T09:21:13Z,TDEL-2025-2023
52623,6,2024-09-01T16:28:31Z,ASVG-2025-2023
40689,2,2023-06-19T11:17:01Z,JNOZ-2025-2023
10249,1,2023-10-02T11:25:08Z,OGGS-2025-2023
714,4,2024-10-16T00:11:56Z,ZLZJ-2025-2023
96484,4,2023-10-09T04:16:10Z,PNOJ-2025-2023
12030,3,2024-12-21T00:43:49Z,FXDA-2025-2023
73272,10,2024-04-27T21:39:48Z,OKYA-2025-2023
40674,3,2024-07-08T23:36:37Z,LJMO-2025-2023
97999,5,2023-06-16T07:34:59Z,OJRF-2025-2023
30321,4,2023-09-08T03:23:03Z,ZUOF-2025-2023
82266,6,2023-06-29T22:48:48Z,ZOAN-2025-2023
10049,6,2023-06-07T10:49:23Z,QSQO-2025-2023
62516,10,2023-08-17T10:42:51Z,CFVT-2025-2023
28011,5,2025-05-25T17:09:18Z,INQJ-2025-2023
13255,2,2024-03-04T12:49:21Z,PHHW-2025-2023
39209,3,2025-04-30T10:55:27Z,MYSD-2025-2023
39101,3,2025-03-17T17:08:32Z,YCCB-2025-2023
93280,4,2024-05-03T07:19:27Z,JHBZ-2025-2023
38480,3,2025-01-26T17:44:35Z,ZRWA-2025-2023
30557,5,2024-08-08T21:30:57Z,GTKW-2025-2023
22491,10,2023-06-14T23:19:34Z,FQKY-2025-2023
72090,2,2023-06-15T04:43:17Z,VTAG-2025-2023
9064,6,2024-07-27T10:08:54Z,AHKA-2025-2023
24630,4,2024-10-27T19:05:53Z,IJGY-2025-2023
99308,2,2024-11-27T01:42:43Z,DSGU-2025-2023
60725,2,2023-10-27T04:31:03Z,PMVK-2025-2023
54384,7,2025-02-15T11:59:46Z,NEKU-2025-2023
53950,7,2023-10-16T16:15:35Z,GFWV-2025-2023
77851,10,2025-04-10T00:44:29Z,ZSJB-2025-2023
362,4,2024-04-25T22:57:15Z,LWKI-2025-2023
37527,1,2023-06-12T07:32:23Z,CSFL-2025-2023
17186,9,2023-10-19T04:15:42Z,FLYU-2025-2023
64941,10,2023-07-30T20:03:50Z,QMML-2025-2023
34083,2,2024-07-07T08:10:25Z,GJQI-2025-2023
47961,2,2024-12-06T01:22:15Z,MFRK-2025-2023
16740,8,2024-11-10T09:44:09Z,MRXX-2025-2023
31201,9,2024-05-29T15:34:21Z,ZUEH-2025-2023
92456,3,2023-09-08T16:50:52Z,UYLW-2025-2023
72281,10,2024-07-23T07:57:14Z,TTMA-2025-2023
57377,4,2023-08-14T00:11:12Z,BTCZ-2025-2023
62471,2,2023-11-01T08:37:14Z,LBAF-2025-2023
94505,9,2024-05-22T16:11:38Z,JHBV-2025-2023
41102,4,2023-08-18T22:12:57Z,GDFQ-2025-2023
20599,10,2024-05-23T07:53:49Z,YAKM-2025-2023
12085,10,2024-04-05T01:37:01Z,LNHP-2025-2023
19645,9,2024-03-17T18:05:31Z,KYKE-2025-2023
55302,10,2024-12-24T20:32:24Z,IPGA-2025-2023
82003,2,2023-09-08T08:43:40Z,PCUR-2025-2023
98095,9,2023-06-22T13:52:16Z,BCWZ-2025-2023
30817,9,2024-01-12T20:40:08Z,KARX-2025-2023
77228,2,2024-11-27T15:53:52Z,BLCG-2025-2023
92863,2,2024-02-07T23:11:34Z,CWNL-2025-2023
71534,10,2024-06-20T00:49:38Z,DYVC-2025-2023
44008,10,2024-09-11T06:33:39Z,PMQN-2025-2023
38791,4,2025-01-11T23:10:45Z,RHPU-2025-2023
36532,8,2023-08-29T19:03:28Z,GNDM-2025-2023
22730,3,2025-01-24T09:19:28Z,IPED-2025-2023
18688,4,2024-02-10T03:35:08Z,ZICD-2025-2023
24016,3,2025-04-06T15:19:03Z,MGXY-2025-2023
19445,4,2024-07-12T13:45:50Z,LNUA-2025-2023
79226,3,2025-03-10T23:46:50Z,OTNB-2025-2023
53042,2,2025-01-27T08:44:25Z,FFTR-2025-2023
8374,10,2024-05-27T13:10:56Z,WHDT-2025-2023
52293,4,2025-03-30T11:54:35Z,YLTZ-2025-2023
12654,4,2024-06-11T07:59:55Z,VKXZ-2025-2023
51286,9,2023-07-13T03:44:51Z,YQLI-2025-2023
52283,7,2024-11-29T10:46:20Z,RBKA-2025-2023
99829,3,2024-07-06T20:37:37Z,RPMY-2025-2023
18894,8,2024-04-13T08:31:56Z,MCPV-2025-2023
88521,3,2024-12-14T10:17:43Z,YTLS-2025-2023
28061,4,2024-10-25T21:31:41Z,TLLQ-2025-2023
53385,4,2024-04-05T11:57:33Z,BRMR-2025-2023
11861,3,2024-03-12T20:35:17Z,AYIM-2025-2023
69726,2,2023-08-26T14:57:11Z,CNVX-2025-2023
49804,4,2024-08-20T11:47:53Z,ARFA-2025-2023
41998,8,2025-04-06T14:49:38Z,ZCWA-2025-2023
35546,3,2025-04-29T19:02:14Z,YLFX-2025-2023
92871,3,2025-04-13T05:47:16Z,FNBW-2025-2023
24522,4,2024-10-11T16:48:37Z,QWXT-2025-2023
77528,4,2024-01-17T21:40:35Z,GXGR-2025-2023
69017,10,2023-08-03T11:24:56Z,HRRH-2025-2023
63603,2,2023-10-21T22:46:14Z,KABQ-2025-2023
12399,6,2023-10-06T06:04:16Z,MOUZ-2025-2023
2153,1,2023-10-11T01:37:44Z,XMRY-2025-2023
19456,7,2024-04-10T22:34:40Z,JRDM-2025-2023
8587,2,2024-08-05T09:15:59Z,JQEH-2025-2023
99496,10,2025-02-23T20:43:42Z,IYSL-2025-2023
7657,6,2024-10-16T23:32:22Z,NZOH-2025-2023
58094,2,2023-08-26T04:27:18Z,ZPWO-2025-2023
57941,10,2023-08-26T00:16:06Z,TMHF-2025-2023
31853,3,2025-01-12T20:48:36Z,VJTG-2025-2023
69433,8,2024-04-12T22:57:02Z,BLCI-2025-2023
61418,4,2023-06-22T21:35:59Z,MIIT-2025-2023
50073,4,2023-12-06T05:35:48Z,VGWA-2025-2023
70456,2,2023-12-21T07:04:44Z,VJCW-2025-2023
55273,6,2023-06-27T12:11:58Z,FSWC-2025-2023
60665,2,2023-06-12T19:52:31Z,FVUB-2025-2023
99995,3,2023-09-05T12:04:05Z,XMLB-2025-2023
43873,4,2025-02-05T05:51:55Z,SGFB-2025-2023
82795,3,2024-02-13T12:49:31Z,TJAI-2025-2023
79717,1,2023-11-08T23:18:58Z,OWGN-2025-2023
71195,6,2023-12-18T08:12:05Z,LDRR-2025-2023
5362,2,2024-08-19T00:01:50Z,GZUB-2025-2023
74673,2,2023-06-30T22:58:06Z,TQEW-2025-2023
74190,8,2025-03-31T22:00:54Z,VXMW-2025-2023
55338,4,2023-08-25T10:46:42Z,TDDU-2025-2023
64046,10,2025-03-16T13:49:12Z,XJQT-2025-2023
1429,4,2023-07-08T04:03:01Z,QJVZ-2025-2023
49759,4,2024-04-29T00:45:55Z,FTHZ-2025-2023
17,2,2024-10-06T12:28:23Z,YLOL-2025-2023
52186,5,2024-04-21T07:41:44Z,KKWB-2025-2023
32746,2,2024-05-20T21:27:36Z,WXKF-2025-2023
64958,2,2023-06-25T08:57:30Z,MFIT-2025-2023
73330,5,2024-10-05T11:58:02Z,ALCQ-2025-2023
96068,2,2024-11-03T07:31:03Z,URJP-2025-2023
71248,5,2024-02-24T23:22:50Z,GSQN-2025-2023
23451,10,2024-05-05T14:06:41Z,EHQF-2025-2023
30290,2,2024-07-22T17:29:23Z,POSI-2025-2023
17270,1,2024-08-05T20:14:47Z,FVAQ-2025-2023
93850,10,2024-10-24T18:57:33Z,NJGO-2025-2023
67779,1,2024-03-13T15:42:51Z,SVVE-2025-2023
44758,4,2025-06-02T11:33:07Z,USXF-2025-2023
15850,4,2024-01-09T08:11:02Z,QLKF-2025-2023
80420,7,2024-04-24T08:53:25Z,NZED-2025-2023
45555,3,2023-07-24T15:55:54Z,PNTV-2025-2023
1802,1,2023-08-17T06:39:35Z,BYLR-2025-2023
88271,3,2024-10-18T04:43:30Z,TNWQ-2025-2023
48921,9,2024-12-01T12:47:06Z,EHVP-2025-2023
74954,7,2024-11-22T18:03:23Z,YAXV-2025-2023
62274,2,2024-11-09T16:05:43Z,FQEL-2025-2023
76335,3,2024-09-25T08:17:15Z,OVEK-2025-2023
62938,10,2025-04-25T23:42:46Z,MFJX-2025-2023
33876,10,2024-02-28T23:14:35Z,KXYR-2025-2023
69511,2,2024-11-21T21:31:50Z,HJQL-2025-2023
58068,4,2023-07-03T00:33:39Z,MSDN-2025-2023
25532,1,2023-12-13T09:17:53Z,XWOX-2025-2023
36290,4,2025-04-14T04:34:05Z,DDLQ-2025-2023
50403,4,2024-07-14T19:23:34Z,IVRO-2025-2023
59735,4,2024-03-22T05:29:24Z,SKBP-2025-2023
43791,10,2023-08-31T19:29:09Z,SHWB-2025-2023
50909,3,2024-12-29T23:56:44Z,PRQL-2025-2023
11464,9,2024-01-22T16:19:57Z,ZDKU-2025-2023
9578,8,2024-01-16T06:43:36Z,WEVN-2025-2023
66190,10,2024-11-02T13:13:34Z,JAVB-2025-2023
73168,2,2024-08-22T11:18:37Z,RFAO-2025-2023
80826,2,2024-04-06T13:40:15Z,DBZL-2025-2023
77106,3,2024-05-18T04:10:22Z,JZYJ-2025-2023
47009,4,2023-07-31T04:57:53Z,QHCT-2025-2023
23270,5,2024-05-15T12:26:04Z,PKHJ-2025-2023
77816,1,2025-04-23T22:18:07Z,SZDQ-2025-2023
21744,10,2024-02-20T21:01:29Z,KQDP-2025-2023
2469,8,2024-04-13T01:40:11Z,BFDB-2025-2023
23449,2,2023-10-22T20:45:26Z,KMFX-2025-2023
69519,4,2023-11-18T12:50:47Z,MLEY-2025-2023
1860,4,2025-03-29T12:16:03Z,UBKO-2025-2023
97464,2,2023-11-07T06:30:58Z,OQMQ-2025-2023
53387,10,2023-09-02T08:31:43Z,IEKM-2025-2023
8464,1,2024-12-12T00:48:13Z,NLUS-2025-2023
76368,1,2024-11-10T11:03:23Z,GPJH-2025-2023
70782,8,2024-07-13T15:03:21Z,NJFE-2025-2023
50554,8,2024-07-13T20:12:25Z,BLZK-2025-2023
56650,1,2025-03-10T10:47:05Z,OFIT-2025-2023
7008,8,2024-05-12T06:05:02Z,YYUW-2025-2023
38132,3,2024-08-29T13:23:35Z,HLZL-2025-2023
80329,10,2024-03-03T07:46:15Z,AZUY-2025-2023
59310,2,2023-08-02T17:48:46Z,QCBI-2025-2023
68699,2,2023-09-30T15:48:29Z,MLYB-2025-2023
53782,8,2024-11-10T11:30:28Z,IPEJ-2025-2023
9377,2,2024-08-09T23:29:47Z,LHAS-2025-2023
71431,3,2023-10-24T22:28:46Z,ZOAA-2025-2023
23447,2,2023-06-13T21:30:05Z,AACD-2025-2023
24482,9,2024-01-10T01:10:04Z,ELLD-2025-2023
15576,2,2025-03-08T22:55:59Z,NVQO-2025-2023
94660,10,2024-09-07T04:09:14Z,PGSN-2025-2023
24122,3,2024-05-05T19:58:40Z,IYKT-2025-2023
9655,8,2023-09-04T17:16:54Z,YLYQ-2025-2023
68586,2,2023-08-10T09:36:33Z,UBXS-2025-2023
40625,8,2023-08-19T12:33:39Z,TCYO-2025-2023
42043,4,2023-06-26T18:07:44Z,EWNW-2025-2023
58212,2,2023-11-15T19:56:05Z,SLLO-2025-2023
15308,8,2025-03-09T10:18:27Z,MMGS-2025-2023
15880,8,2023-06-19T14:46:08Z,RYEW-2025-2023
97041,10,2024-11-14T08:26:34Z,HYKW-2025-2023
17764,4,2025-01-28T05:36:11Z,UUVZ-2025-2023
86,9,2023-10-20T07:55:11Z,MGDL-2025-2023
56207,9,2025-03-12T02:13:43Z,JUVT-2025-2023
74530,4,2023-07-31T18:45:25Z,IPTJ-2025-2023
94513,10,2025-02-16T20:03:33Z,MJVB-2025-2023
76095,2,2024-10-28T07:07:14Z,USQR-2025-2023
47961,3,2025-05-01T11:53:54Z,GQHL-2025-2023
91913,2,2024-06-14T20:54:17Z,TUAZ-2025-2023
21278,7,2024-09-13T13:21:41Z,NGDX-2025-2023
97207,1,2025-05-07T09:34:27Z,VKST-2025-2023
5005,4,2023-07-28T10:50:25Z,MYVH-2025-2023
23096,3,2024-06-23T04:59:24Z,EZXC-2025-2023
67969,3,2024-08-21T00:36:27Z,BXDM-2025-2023
67923,4,2025-01-03T02:23:58Z,VLSA-2025-2023
27729,9,2024-03-28T15:18:43Z,KTFX-2025-2023
14849,2,2024-08-14T17:45:01Z,XPXM-2025-2023
80048,1,2024-10-22T02:35:15Z,DFAO-2025-2023
46558,2,2024-03-31T08:21:03Z,ZZJO-2025-2023
6923,10,2024-01-16T18:58:52Z,FKMZ-2025-2023
6326,7,2024-06-24T00:25:56Z,ZDRS-2025-2023
64387,1,2025-04-18T14:48:24Z,TGBV-2025-2023
16470,8,2025-04-20T11:21:20Z,EJXT-2025-2023
97136,5,2024-01-06T12:58:09Z,TRSS-2025-2023
7799,4,2025-05-11T09:27:43Z,RFVB-2025-2023
73930,4,2025-01-30T10:49:47Z,TZCA-2025-2023
25913,4,2024-03-10T20:27:09Z,YREX-2025-2023
97019,6,2024-10-15T01:14:02Z,RETE-2025-2023
11494,10,2025-03-01T15:33:01Z,EFBX-2025-2023
15956,6,2023-07-03T07:01:13Z,LOXW-2025-2023
61903,4,2024-12-26T07:16:45Z,QJXY-2025-2023
45501,2,2024-07-31T21:46:00Z,FSXA-2025-2023
59240,3,2024-09-17T09:52:39Z,UNQC-2025-2023
42746,1,2025-04-30T06:43:47Z,PLYU-2025-2023
32196,4,2024-11-08T05:27:22Z,RXNG-2025-2023
76751,9,2023-10-30T09:57:02Z,BFXW-2025-2023
79989,9,2024-05-25T06:01:29Z,GYDD-2025-2023
76528,3,2024-10-14T07:47:16Z,RAHV-2025-2023
8361,2,2025-01-04T13:08:30Z,FVRC-2025-2023
21230,1,2025-01-24T14:27:39Z,FMWO-2025-2023
38271,10,2024-11-29T00:04:44Z,JXFO-2025-2023
32444,2,2025-06-03T15:24:34Z,NAGR-2025-2023
15607,6,2024-01-04T13:20:30Z,SFMX-2025-2023
95815,9,2024-01-15T10:35:31Z,KHEB-2025-2023
38825,3,2023-10-10T18:29:29Z,BPVA-2025-2023
78758,2,2024-08-22T22:35:25Z,OPZG-2025-2023
15544,6,2025-02-09T22:27:40Z,WFWG-2025-2023
52776,2,2023-10-06T03:25:45Z,DPKA-2025-2023
61380,4,2024-12-22T20:17:46Z,ZHYT-2025-2023
12686,4,2023-06-27T12:27:19Z,DUAB-2025-2023
91941,9,2024-12-25T22:32:16Z,DWVA-2025-2023
44269,4,2023-06-12T17:01:58Z,ISJY-2025-2023
94644,2,2024-08-06T17:12:13Z,YJOW-2025-2023
30118,3,2024-06-26T18:01:26Z,GLKD-2025-2023
12048,2,2024-05-23T11:34:49Z,JKIO-2025-2023
57447,7,2023-10-31T07:06:47Z,NNWN-2025-2023
95791,8,2024-03-15T09:07:32Z,TAHZ-2025-2023
6677,7,2024-05-18T08:03:41Z,SBYQ-2025-2023
81052,9,2024-05-16T18:54:09Z,XDZP-2025-2023
85025,4,2023-12-01T23:00:16Z,YQCT-2025-2023
63033,6,2025-02-04T19:14:25Z,MPRT-2025-2023
69368,1,2024-04-05T09:09:50Z,YLVQ-2025-2023
91716,2,2024-09-04T18:47:29Z,ORTG-2025-2023
77674,10,2024-01-24T06:04:49Z,DFVE-2025-2023
97838,1,2023-10-24T05:24:30Z,QUFS-2025-2023
26901,8,2024-06-25T01:21:49Z,VDYK-2025-2023
47572,10,2023-07-23T12:45:55Z,LXKQ-2025-2023
27266,10,2024-05-06T06:24:33Z,YEQF-2025-2023
87941,9,2025-05-10T06:23:04Z,CBVX-2025-2023
19766,9,2023-12-18T00:55:45Z,SAUA-2025-2023
19339,2,2024-12-09T05:07:10Z,ZVPP-2025-2023
60964,4,2025-04-09T21:11:28Z,ENFF-2025-2023
47221,9,2024-08-28T18:39:26Z,IPCZ-2025-2023
64124,3,2024-04-17T22:15:02Z,DPRE-2025-2023
49232,8,2023-06-22T07:13:17Z,UGRA-2025-2023
15478,4,2025-04-22T12:33:48Z,QQXN-2025-2023
91493,4,2025-04-27T09:02:14Z,GENW-2025-2023
11796,10,2023-12-04T18:44:23Z,ASTE-2025-2023
55314,4,2025-01-15T18:08:57Z,IRBV-2025-2023
86009,2,2024-03-18T16:27:24Z,TUFU-2025-2023
13641,9,2023-09-17T09:57:05Z,FJRT-2025-2023
37032,4,2024-12-02T10:25:44Z,MYJQ-2025-2023
42164,4,2025-03-07T15:59:13Z,HSMT-2025-2023
81454,9,2023-11-08T15:28:40Z,QFFF-2025-2023
1474,10,2023-10-03T17:29:01Z,PFII-2025-2023
2666,2,2024-08-17T18:34:19Z,JMFN-2025-2023
73953,2,2024-03-30T22:41:04Z,SVAK-2025-2023
92038,3,2025-05-29T21:47:47Z,ZUPQ-2025-2023
15288,8,2025-02-04T21:54:03Z,DYUZ-2025-2023
91209,2,2024-04-09T04:18:26Z,JTRO-2025-2023
63952,8,2024-09-21T17:14:27Z,EQCV-2025-2023
37396,2,2025-03-31T20:44:17Z,KUTO-2025-2023
76722,1,2024-10-19T11:48:11Z,HXSN-2025-2023
87454,2,2024-12-15T02:29:32Z,SMKG-2025-2023
47195,8,2025-05-01T02:19:26Z,KLSU-2025-2023
14606,4,2024-10-06T22:07:55Z,LANE-2025-2023
66971,4,2024-10-26T12:34:42Z,BCQR-2025-2023
63157,9,2024-06-07T16:07:56Z,DXFY-2025-2023
20269,4,2023-10-25T04:06:57Z,YCQQ-2025-2023
68145,3,2025-05-21T13:01:37Z,CSBZ-2025-2023
67202,5,2024-05-12T23:33:55Z,HVRT-2025-2023
29328,4,2023-11-02T23:16:21Z,MXDL-2025-2023
32506,3,2023-12-25T09:29:49Z,ZDDH-2025-2023
22948,3,2024-09-28T04:56:45Z,JKID-2025-2023
23982,5,2024-02-11T10:39:51Z,BNRO-2025-2023
13653,6,2023-11-11T21:17:59Z,ZMSE-2025-2023
80143,10,2024-04-04T20:58:57Z,QLFP-2025-2023
49331,3,2023-07-14T18:26:35Z,MFIA-2025-2023
92950,8,2024-11-14T11:46:58Z,UDNH-2025-2023
35798,3,2024-05-16T10:17:28Z,TWQF-2025-2023
60819,3,2024-02-18T10:33:46Z,XQXY-2025-2023
36805,4,2025-04-13T21:25:17Z,EGSH-2025-2023
27684,3,2024-05-08T08:24:33Z,SNAW-2025-2023
8669,4,2023-11-09T19:29:55Z,EXXA-2025-2023
56829,8,2024-07-28T21:44:50Z,IIMT-2025-2023
56165,4,2025-04-14T08:09:25Z,RROT-2025-2023
90674,7,2024-03-05T13:07:27Z,QPAX-2025-2023
74202,4,2023-08-03T06:54:30Z,PFSZ-2025-2023
57137,2,2023-11-27T22:39:46Z,XEMF-2025-2023
13972,6,2024-01-02T03:51:34Z,SWSQ-2025-2023
28856,9,2025-03-26T16:20:30Z,SQWQ-2025-2023
22518,1,2025-02-14T08:13:27Z,YQDX-2025-2023
57168,4,2024-10-23T19:41:47Z,VUEV-2025-2023
64357,8,2024-03-17T04:08:08Z,LUSR-2025-2023
19214,4,2023-11-28T05:43:30Z,YRHE-2025-2023
16620,8,2024-05-31T02:36:06Z,XOHG-2025-2023
51550,4,2024-05-13T21:46:23Z,NRKJ-2025-2023
89491,8,2024-07-03T06:24:40Z,NHVT-2025-2023
79333,4,2025-01-01T12:58:06Z,HCPP-2025-2023
55088,4,2024-05-15T07:01:51Z,QRMK-2025-2023
81834,3,2024-03-01T20:08:51Z,MNVX-2025-2023
1766,2,2024-05-08T01:36:50Z,GDNL-2025-2023
63820,10,2024-01-16T06:52:04Z,YQNZ-2025-2023
50418,10,2025-02-27T04:59:30Z,IAUB-2025-2023
38536,9,2024-10-10T13:38:18Z,MDRW-2025-2023
42785,4,2024-03-16T14:53:25Z,PFRN-2025-2023
62321,3,2023-09-23T11:18:18Z,YOVM-2025-2023
81411,2,2024-07-07T09:57:34Z,GHXF-2025-2023
83857,8,2024-03-25T22:06:53Z,CYKX-2025-2023
62639,10,2024-09-22T08:40:38Z,PNAC-2025-2023
71351,4,2024-05-02T07:35:56Z,MVIL-2025-2023
56313,4,2023-11-06T09:01:05Z,CDVS-2025-2023
83968,4,2024-09-16T06:36:40Z,YHED-2025-2023
99723,2,2024-09-12T01:36:10Z,XJCH-2025-2023
61892,8,2025-05-15T17:35:58Z,NASE-2025-2023
90210,9,2025-02-18T23:28:04Z,DBPX-2025-2023
92722,2,2024-02-23T23:27:04Z,PAXT-2025-2023
22866,6,2023-06-07T20:45:04Z,GRYQ-2025-2023
82903,9,2023-08-20T08:49:14Z,RRYD-2025-2023
58516,3,2025-05-29T03:31:29Z,JBIP-2025-2023
23689,7,2024-02-10T14:36:01Z,UXYG-2025-2023
7772,3,2024-12-09T18:00:38Z,IIIA-2025-2023
73330,3,2024-11-12T14:20:05Z,NPPW-2025-2023
69706,8,2024-02-17T07:41:27Z,OSEQ-2025-2023
12662,7,2025-04-27T06:57:42Z,QZBI-2025-2023
43056,4,2024-04-02T21:26:42Z,YLPJ-2025-2023
58061,1,2024-12-19T16:56:07Z,IZNM-2025-2023
82444,2,2023-06-29T02:54:40Z,CEPK-2025-2023
3981,6,2023-12-17T23:00:18Z,KUGZ-2025-2023
84974,9,2024-06-07T12:00:52Z,LGDS-2025-2023
91023,10,2023-09-20T16:19:05Z,FHTB-2025-2023
58346,6,2023-07-15T12:49:59Z,MPVQ-2025-2023
84245,10,2025-05-31T12:33:57Z,VXFX-2025-2023
81607,8,2023-07-30T01:25:45Z,SEWS-2025-2023
32327,4,2024-09-23T10:02:04Z,EURB-2025-2023
70340,4,2023-11-12T06:49:26Z,MMKA-2025-2023
90072,10,2023-10-06T11:30:04Z,ZCUF-2025-2023
33874,1,2024-09-18T09:34:40Z,KMSS-2025-2023
52863,2,2024-11-27T18:23:20Z,WRPM-2025-2023
59287,4,2023-11-21T03:01:55Z,CZPK-2025-2023
35638,4,2023-10-22T01:56:15Z,RCGX-2025-2023
97359,4,2023-09-07T15:33:35Z,HQPS-2025-2023
66671,6,2025-03-15T10:11:24Z,CWCU-2025-2023
46366,2,2024-12-08T00:32:24Z,XSVK-2025-2023
17432,2,2025-03-31T05:18:20Z,KDFI-2025-2023
68127,8,2023-11-03T21:17:19Z,RQYY-2025-2023
23006,4,2024-04-10T20:59:15Z,EHYR-2025-2023
63339,1,2025-01-05T03:23:13Z,IONL-2025-2023
28750,2,2024-11-17T05:09:18Z,EXWO-2025-2023
95171,6,2024-11-22T08:17:02Z,MVDS-2025-2023
39123,3,2024-01-05T11:30:47Z,UTGK-2025-2023
39639,6,2024-08-28T11:54:38Z,OSUL-2025-2023
5008,8,2025-04-02T16:33:02Z,MIOR-2025-2023
98273,10,2023-11-24T20:51:52Z,TOEX-2025-2023
1178,6,2023-09-18T21:01:48Z,EFCX-2025-2023
75165,4,2024-05-28T18:42:51Z,IVOJ-2025-2023
48133,5,2024-09-14T13:44:06Z,UEEQ-2025-2023
97514,2,2023-09-16T22:30:35Z,RJTF-2025-2023
65935,4,2023-12-28T11:49:53Z,JNHY-2025-2023
56510,1,2024-07-04T07:52:41Z,LILU-2025-2023
27807,2,2024-04-15T18:33:51Z,QQJK-2025-2023
16580,4,2024-07-15T23:01:25Z,JECP-2025-2023
64822,4,2025-03-04T03:00:06Z,JILU-2025-2023
54951,1,2024-02-19T09:51:49Z,YVPE-2025-2023
34415,9,2023-07-04T21:49:24Z,JJRR-2025-2023
36056,4,2024-03-15T22:04:29Z,SZHK-2025-2023
90094,8,2023-10-20T16:20:38Z,LZNM-2025-2023
80148,2,2024-09-11T08:13:19Z,XUYF-2025-2023
75927,4,2025-05-14T13:41:54Z,QEPQ-2025-2023
91236,4,2024-07-15T21:34:00Z,NIGS-2025-2023
37423,4,2023-07-06T20:36:51Z,OCIV-2025-2023
38762,3,2024-06-08T00:06:50Z,TBUU-2025-2023
9860,2,2024-02-01T06:07:59Z,ZXOS-2025-2023
18483,2,2025-05-03T10:28:20Z,WSOT-2025-2023
51668,4,2024-03-16T01:08:26Z,JLLJ-2025-2023
67449,4,2024-08-16T14:38:07Z,QZFK-2025-2023
91786,4,2023-11-14T07:28:49Z,QKYI-2025-2023
1296,7,2023-06-20T18:43:40Z,FMAR-2025-2023
30872,8,2024-11-27T23:45:40Z,IHPF-2025-2023
39972,4,2025-02-22T03:08:23Z,JHAO-2025-2023
19073,4,2025-03-05T15:00:07Z,QDIU-2025-2023
58770,7,2024-09-17T18:55:05Z,YEDM-2025-2023
12804,9,2024-09-26T06:33:10Z,MAIQ-2025-2023
40665,8,2024-05-14T12:43:15Z,DRHR-2025-2023
37416,2,2024-10-29T11:39:46Z,BEEY-2025-2023
59587,3,2024-04-14T04:52:02Z,XJDF-2025-2023
3900,6,2023-12-29T03:38:18Z,UVRY-2025-2023
35328,2,2024-06-16T00:33:02Z,GROI-2025-2023
83581,3,2024-06-29T15:38:57Z,CMUQ-2025-2023
4139,1,2023-08-27T23:28:04Z,DNXR-2025-2023
44006,9,2024-06-30T22:05:40Z,PLBE-2025-2023
98810,4,2023-06-30T06:47:11Z,DDIQ-2025-2023
49271,10,2024-11-26T10:37:41Z,DMZS-2025-2023
53300,4,2024-11-13T05:59:27Z,MMIC-2025-2023
14845,9,2024-04-18T08:09:48Z,EQUI-2025-2023
28932,4,2024-06-26T06:36:35Z,GKMJ-2025-2023
85388,10,2024-10-02T18:58:07Z,GGLA-2025-2023
88757,3,2023-10-06T03:55:46Z,OYLY-2025-2023
70045,9,2024-02-17T01:26:33Z,TYYN-2025-2023
45067,2,2025-04-10T21:01:03Z,DYZS-2025-2023
30760,10,2023-08-27T07:19:29Z,TUWX-2025-2023
93385,9,2025-01-13T02:18:51Z,WYSC-2025-2023
21645,6,2024-06-20T10:27:24Z,FNYO-2025-2023
44195,9,2023-10-08T04:12:46Z,RSSR-2025-2023
42681,9,2023-07-02T10:30:07Z,UITH-2025-2023
21663,2,2023-07-22T02:14:52Z,IQFK-2025-2023
21989,2,2024-05-16T08:33:20Z,UBYS-2025-2023
42446,2,2023-09-06T00:55:25Z,THAR-2025-2023
30142,6,2023-12-13T03:34:50Z,UWUM-2025-2023
16212,2,2024-06-11T14:54:35Z,GJLB-2025-2023
28830,3,2024-04-13T17:39:38Z,WVRD-2025-2023
6589,2,2024-10-11T18:13:31Z,NICP-2025-2023
32461,7,2024-06-15T16:52:29Z,RNZX-2025-2023
4832,4,2024-06-07T22:46:26Z,GYBT-2025-2023
25143,9,2024-03-03T10:06:28Z,VMNB-2025-2023
87179,3,2024-10-25T00:19:12Z,JIHB-2025-2023
76524,2,2024-09-13T14:31:07Z,AZDQ-2025-2023
37727,4,2023-11-03T15:40:11Z,OMEP-2025-2023
79381,4,2023-12-01T12:14:49Z,AZGK-2025-2023
58964,8,2023-10-08T07:44:28Z,IKSX-2025-2023
99754,3,2024-05-27T11:02:36Z,DDKM-2025-2023
88230,2,2024-10-17T21:10:08Z,XXIP-2025-2023
23845,9,2024-07-31T04:35:57Z,FSAN-2025-2023
69170,2,2025-03-15T01:46:08Z,IUVX-2025-2023
81831,10,2023-11-01T04:24:50Z,IAVK-2025-2023
11590,10,2025-04-13T18:07:48Z,LQLG-2025-2023
69947,2,2023-07-02T00:56:38Z,NGWB-2025-2023
84407,4,2024-01-04T11:03:55Z,TXVW-2025-2023
83029,9,2024-11-13T01:16:38Z,ARLD-2025-2023
28270,2,2024-10-09T02:47:20Z,DXVO-2025-2023
29975,2,2025-06-01T19:35:20Z,IORD-2025-2023
18307,3,2023-11-09T17:13:38Z,ICCS-2025-2023
82546,4,2024-02-02T17:09:25Z,NJUL-2025-2023
26442,5,2023-09-07T21:55:30Z,BNXY-2025-2023
5724,3,2024-02-13T02:54:40Z,TMTZ-2025-2023
25887,5,2024-10-04T11:43:39Z,PBVX-2025-2023
22747,3,2023-09-28T16:54:54Z,CTBI-2025-2023
38812,2,2024-12-01T09:26:18Z,NVHD-2025-2023
24854,2,2023-11-04T10:53:26Z,GLFL-2025-2023
23397,10,2023-12-29T00:22:49Z,IDYX-2025-2023
79943,5,2024-12-30T08:56:14Z,GUPL-2025-2023
62218,3,2024-02-11T08:23:21Z,GQZQ-2025-2023
27586,4,2025-02-28T10:04:19Z,SYFO-2025-2023
25458,7,2023-06-10T19:37:02Z,EKVT-2025-2023
64043,8,2023-07-27T20:23:13Z,STGE-2025-2023
75819,3,2024-02-03T21:00:48Z,DRQP-2025-2023
80973,1,2023-09-12T07:38:23Z,ZSIX-2025-2023
68951,2,2025-02-21T10:37:14Z,RXTW-2025-2023
48258,2,2023-11-23T03:22:18Z,EWZY-2025-2023
65082,1,2023-06-27T03:20:25Z,AAEA-2025-2023
91441,10,2025-02-25T02:32:36Z,PDBZ-2025-2023
23119,9,2024-01-14T15:39:31Z,MDMD-2025-2023
409,3,2023-09-07T04:58:29Z,RGFZ-2025-2023
84214,7,2025-01-05T16:03:03Z,KWBN-2025-2023
12999,4,2024-04-18T04:53:12Z,AMSZ-2025-2023
92776,5,2025-01-10T09:40:30Z,GWHJ-2025-2023
62518,1,2025-02-07T11:55:49Z,PRAB-2025-2023
2534,10,2024-08-04T10:18:58Z,EXPC-2025-2023
34620,4,2024-06-11T11:03:47Z,ITHR-2025-2023
92263,7,2024-04-30T16:36:09Z,QBFI-2025-2023
36457,4,2024-07-18T12:52:37Z,NYZL-2025-2023
84432,9,2024-01-31T21:39:26Z,QFTY-2025-2023
72441,4,2024-10-07T18:13:31Z,QQCM-2025-2023
34208,3,2023-11-28T02:32:10Z,BNEO-2025-2023
17148,10,2024-03-21T11:58:51Z,VVIC-2025-2023
75828,10,2023-11-05T12:13:14Z,JVSE-2025-2023
15698,2,2024-08-29T08:01:25Z,XNUD-2025-2023
20006,4,2024-05-03T19:19:50Z,FEVA-2025-2023
73971,10,2023-12-12T05:04:43Z,UKVV-2025-2023
80097,3,2023-09-17T03:06:09Z,VLBN-2025-2023
68431,2,2024-09-07T08:55:25Z,VCXU-2025-2023
24226,3,2023-12-08T22:07:43Z,CJGY-2025-2023
65876,3,2023-09-17T02:52:23Z,DDAX-2025-2023
64087,9,2025-02-26T23:57:11Z,XIFY-2025-2023
13082,4,2024-12-08T23:48:32Z,GONO-2025-2023
93985,8,2024-09-13T04:21:43Z,MDRP-2025-2023
76524,4,2023-09-03T04:28:53Z,XWUE-2025-2023
44347,2,2024-11-18T05:33:38Z,BGOF-2025-2023
45148,9,2023-06-23T20:53:08Z,VRVK-2025-2023
86613,6,2025-05-03T04:41:27Z,QHYX-2025-2023
88211,6,2023-08-23T00:43:25Z,DYZK-2025-2023
12611,1,2024-03-02T05:14:57Z,THHX-2025-2023
54286,4,2024-06-09T11:34:33Z,MNAW-2025-2023
74652,1,2023-08-24T04:29:50Z,BGYV-2025-2023
89279,4,2024-12-15T10:49:47Z,PYOC-2025-2023
73479,2,2023-12-31T17:20:35Z,QBUA-2025-2023
65058,5,2023-12-10T10:47:12Z,LLUJ-2025-2023
16550,8,2023-09-23T01:24:23Z,LBXZ-2025-2023
32563,4,2023-12-08T09:13:19Z,ZYKH-2025-2023
36894,8,2024-04-06T09:10:05Z,KRPP-2025-2023
42674,8,2025-05-15T14:40:02Z,YLHY-2025-2023
27529,1,2025-02-08T06:19:59Z,DCXW-2025-2023
99780,4,2025-05-25T11:07:28Z,FZFS-2025-2023
67462,6,2024-03-07T01:57:13Z,VCXE-2025-2023
94243,9,2025-02-06T18:41:19Z,KESN-2025-2023
60642,3,2023-12-17T12:07:23Z,RPQU-2025-2023
35517,4,2024-04-09T17:29:57Z,ADEG-2025-2023
44754,9,2025-05-26T06:48:40Z,TWGN-2025-2023
50900,4,2025-01-29T13:31:46Z,PDXC-2025-2023
6563,1,2024-11-22T18:08:53Z,MFGZ-2025-2023
35125,5,2024-06-25T08:36:40Z,JZFK-2025-2023
91384,9,2024-10-30T19:06:33Z,JAWI-2025-2023
46271,8,2024-08-02T00:13:44Z,NRBK-2025-2023
53776,9,2024-11-23T06:59:00Z,GDCF-2025-2023
43329,10,2023-07-09T02:08:14Z,ZXJV-2025-2023
11424,9,2025-01-14T07:47:22Z,AKKX-2025-2023
96564,3,2025-03-23T02:03:46Z,UKHD-2025-2023
60095,4,2025-01-22T00:37:26Z,KEDH-2025-2023
30480,4,2023-08-04T05:39:38Z,SKPM-2025-2023
99941,4,2025-03-26T17:34:39Z,BECC-2025-2023
41758,8,2023-09-05T02:21:21Z,NUGG-2025-2023
13931,9,2024-07-22T05:38:31Z,CZFN-2025-2023
93687,8,2024-04-27T09:14:35Z,IBWG-2025-2023
92260,3,2024-04-06T17:49:44Z,MAIX-2025-2023
97870,1,2024-03-04T21:18:11Z,FCGQ-2025-2023
85440,2,2023-08-09T18:43:55Z,SEZW-2025-2023
73391,2,2024-04-17T19:50:37Z,XSOS-2025-2023
77769,3,2024-08-12T08:44:49Z,GUDG-2025-2023
98138,4,2024-07-02T15:06:47Z,YPBK-2025-2023
93084,10,2024-03-02T19:04:47Z,HOLF-2025-2023
95680,2,2024-02-13T07:58:37Z,HYPG-2025-2023
69063,4,2023-11-22T08:58:04Z,VRKD-2025-2023
18625,8,2023-07-08T06:21:09Z,ZEXB-2025-2023
91413,6,2024-08-03T16:05:03Z,XNDW-2025-2023
59376,3,2025-02-23T07:16:28Z,TZJG-2025-2023
45475,9,2025-04-09T12:25:04Z,SYEV-2025-2023
84518,6,2025-04-19T23:42:19Z,HPWT-2025-2023
3256,9,2024-09-30T09:06:13Z,TSAS-2025-2023
51461,4,2023-09-22T19:36:36Z,GZTN-2025-2023
3952,4,2023-10-09T20:05:54Z,JJNH-2025-2023
30880,4,2023-09-07T00:51:23Z,MWWZ-2025-2023
68816,2,2024-08-09T18:03:30Z,CLNR-2025-2023
31597,8,2024-06-06T22:36:35Z,ZBAK-2025-2023
62379,4,2025-03-04T17:43:40Z,TPYG-2025-2023
33928,4,2024-10-05T14:40:21Z,WGOV-2025-2023
98199,9,2025-02-09T09:17:23Z,SRBJ-2025-2023
38942,8,2023-07-21T10:37:47Z,YQHA-2025-2023
45521,6,2024-03-05T13:03:23Z,EWJJ-2025-2023
44909,6,2024-04-16T20:36:37Z,RHMO-2025-2023
55758,2,2024-09-04T11:34:38Z,QKYE-2025-2023
40299,4,2025-03-19T10:31:47Z,UCCS-2025-2023
95212,9,2023-08-01T00:39:42Z,BZXQ-2025-2023
73991,3,2024-03-16T15:16:04Z,UUBG-2025-2023
44127,4,2024-11-02T14:36:42Z,TFCX-2025-2023
72809,2,2025-05-26T16:12:33Z,RJPF-2025-2023
47423,5,2024-05-27T22:07:20Z,BTQM-2025-2023
38457,8,2024-08-28T00:10:03Z,MYWX-2025-2023
895,3,2025-05-10T00:54:02Z,VFPR-2025-2023
77034,2,2024-06-19T01:12:56Z,XSMM-2025-2023
82477,4,2025-02-09T21:38:00Z,IZIT-2025-2023
51032,8,2024-07-22T07:20:30Z,VTRP-2025-2023
48074,4,2024-05-18T13:49:45Z,WTYX-2025-2023
74225,9,2024-05-03T14:10:11Z,XMCP-2025-2023
47626,8,2024-11-18T13:28:13Z,QRRL-2025-2023
68122,8,2024-06-03T04:24:54Z,NJCP-2025-2023
77,4,2023-06-28T16:30:18Z,QQCG-2025-2023
35108,3,2023-11-11T15:53:09Z,EQMT-2025-2023
32064,9,2025-04-08T13:48:56Z,XYNN-2025-2023
55027,2,2023-12-24T18:09:27Z,BPHN-2025-2023
86286,2,2025-05-07T11:50:26Z,XPSZ-2025-2023
6798,2,2024-12-08T05:30:02Z,HDUL-2025-2023
80772,4,2025-03-20T14:36:54Z,IRQV-2025-2023
51401,4,2025-05-24T07:20:03Z,CHPI-2025-2023
47616,1,2023-07-25T05:16:58Z,CPJO-2025-2023
27032,4,2024-09-27T17:36:32Z,ABEH-2025-2023
87831,2,2024-06-17T18:23:06Z,JVTG-2025-2023
41575,7,2025-04-05T14:57:34Z,ZZHT-2025-2023
76642,10,2023-11-28T10:18:36Z,USUU-2025-2023
91362,9,2023-12-18T23:23:07Z,MAPZ-2025-2023
52597,3,2024-10-23T05:50:20Z,PCQV-2025-2023
1920,9,2024-10-11T01:00:53Z,ZZOE-2025-2023
62573,10,2024-12-16T16:43:15Z,KYXI-2025-2023
71761,1,2024-10-29T05:28:23Z,JKOD-2025-2023
57069,4,2023-08-30T18:33:55Z,ZLRD-2025-2023
97738,4,2024-09-03T08:37:41Z,SEES-2025-2023
75030,9,2024-10-03T01:02:50Z,JTEJ-2025-2023
65543,9,2023-09-19T17:09:46Z,FWIU-2025-2023
51928,2,2024-10-12T19:38:39Z,FJZE-2025-2023
1998,7,2024-09-12T13:28:32Z,WRBF-2025-2023
55686,4,2025-05-19T20:59:08Z,PMRL-2025-2023
25734,6,2024-11-24T12:59:47Z,CTUG-2025-2023
48458,4,2024-10-04T16:30:18Z,AZCU-2025-2023
76238,6,2024-08-05T23:53:31Z,IWTF-2025-2023
69219,3,2024-02-05T13:16:41Z,GACM-2025-2023
57575,4,2024-04-25T17:52:04Z,ZPEC-2025-2023
25454,2,2024-10-13T17:46:07Z,XBKW-2025-2023
81621,8,2023-09-09T22:36:02Z,NFBB-2025-2023
32632,9,2023-06-16T09:48:04Z,GCRJ-2025-2023
17359,9,2023-07-29T02:52:24Z,WOMI-2025-2023
14134,2,2023-12-18T21:39:03Z,PTAE-2025-2023
53813,2,2024-10-19T07:32:10Z,HAOY-2025-2023
37279,9,2023-08-11T22:51:29Z,ANYB-2025-2023
42717,4,2024-11-24T13:26:08Z,TMJQ-2025-2023
24094,8,2024-12-31T21:52:19Z,UPOW-2025-2023
41429,3,2024-03-03T08:01:25Z,XKBV-2025-2023
16798,4,2024-12-22T04:18:29Z,IPOU-2025-2023
44809,3,2024-08-19T00:40:44Z,AWIT-2025-2023
79194,1,2023-08-14T12:35:25Z,LHJH-2025-2023
68561,8,2023-08-28T22:21:30Z,KHMH-2025-2023
65126,4,2024-11-20T14:24:44Z,MRWQ-2025-2023
3517,2,2024-01-19T02:46:17Z,TVTD-2025-2023
38374,7,2023-08-15T02:46:51Z,QNET-2025-2023
61432,9,2023-07-21T19:05:18Z,LUQF-2025-2023
46550,4,2024-12-02T22:03:01Z,EGJA-2025-2023
11344,2,2025-04-16T08:29:03Z,VZCJ-2025-2023
60616,3,2023-11-16T18:07:19Z,YOOI-2025-2023
1568,10,2025-02-02T18:35:34Z,HCBI-2025-2023
50636,9,2024-06-02T08:13:10Z,SVUF-2025-2023
34517,4,2023-11-26T16:14:03Z,LCGW-2025-2023
40967,9,2025-05-27T07:02:58Z,HRKT-2025-2023
78659,4,2025-04-30T00:03:34Z,FUSW-2025-2023
42234,10,2025-02-06T21:22:03Z,EELD-2025-2023
79455,2,2024-11-26T00:58:13Z,DQMI-2025-2023
84527,8,2024-11-08T12:03:03Z,EMAT-2025-2023
49687,2,2024-06-29T08:15:37Z,LZEL-2025-2023
7571,9,2024-06-22T06:18:10Z,JUQJ-2025-2023
62347,2,2023-09-26T03:14:20Z,YOQL-2025-2023
16066,9,2023-12-03T23:37:59Z,HWHM-2025-2023
25575,9,2024-03-06T17:50:39Z,RPYZ-2025-2023
59700,3,2025-03-16T15:59:52Z,PNVK-2025-2023
27747,1,2023-10-26T03:39:25Z,NTDD-2025-2023
55372,2,2023-06-28T23:46:55Z,OOKP-2025-2023
98889,9,2024-09-03T16:46:21Z,BLOV-2025-2023
71486,3,2024-04-26T00:19:47Z,RXLR-2025-2023
51799,3,2025-01-17T23:16:47Z,ONLW-2025-2023
57893,4,2025-02-24T15:16:18Z,VWOP-2025-2023
90343,3,2023-10-30T08:42:50Z,UUJW-2025-2023
76038,3,2023-12-21T10:33:41Z,KOHP-2025-2023
90283,8,2024-09-17T14:56:02Z,EKTQ-2025-2023
12607,9,2024-09-28T11:12:44Z,GQXB-2025-2023
90470,2,2024-04-30T19:51:52Z,LTEB-2025-2023
86910,2,2025-01-23T17:57:22Z,OKJG-2025-2023
78901,9,2024-10-06T00:06:51Z,OMBO-2025-2023
17809,10,2023-09-04T22:02:08Z,IPSU-2025-2023
82708,9,2025-04-12T11:14:45Z,BVVJ-2025-2023
12986,4,2025-02-25T00:43:30Z,WFAT-2025-2023
1708,4,2023-07-15T12:46:27Z,FTBA-2025-2023
21310,3,2024-11-11T00:11:50Z,XNBE-2025-2023
58034,10,2024-02-03T06:42:44Z,EBVT-2025-2023
73703,7,2024-04-13T22:37:24Z,KLXB-2025-2023
73703,7,2024-04-13T22:37:24Z,XXXX-2025-2023
